f'{Freq[0]:.8f},{Freq[1]:.8f},{Gnm[0]:.8f},{Gnm[1]:.8f},{FreqF:.8f},{LTP:.8E}\n'

No Missing and 1% false
0.04000000,0.15066200,45.01355000,43.88697000,0.00192588,-3.64770083E+03
0.04200000,0.15066200,45.01355000,43.88697000,0.00194608,-3.64802766E+03
0.04000000,0.15819510,45.01355000,43.88697000,0.00200197,-3.64986752E+03
0.04000000,0.15066200,47.26422750,43.88697000,0.00192588,-3.64763973E+03
0.04000000,0.15066200,45.01355000,46.08131850,0.00192588,-3.64801815E+03
0.04100000,0.14312890,46.13888875,44.98414425,0.00185989,-3.64848386E+03
0.04075000,0.14689545,45.85755406,44.70985069,0.00189541,-3.64778494E+03
0.03837500,0.14877872,46.56089078,45.39558459,0.00189044,-3.64783219E+03
0.03956250,0.14783709,47.33456117,42.85836914,0.00189293,-3.64758723E+03
0.03934375,0.14642463,48.49506676,41.24689446,0.00187645,-3.64787336E+03
0.04178125,0.14924954,46.17405559,42.27549532,0.00192960,-3.64776248E+03
0.03992187,0.15230987,47.03564307,41.74405154,0.00194173,-3.64785751E+03
0.04054297,0.14824905,46.15207631,43.96840090,0.00190699,-3.64762973E+03
0.03827148,0.14945553,46.70815191,45.02485970,0.00189623,-3.64771606E+03
0.03914893,0.14940403,46.57462783,44.33751861,0.00190458,-3.64760596E+03
0.03962720,0.14741409,48.64919641,43.63865932,0.00188931,-3.64764574E+03
0.03972040,0.14822606,47.74028480,43.70073699,0.00189845,-3.64757916E+03
0.03948740,0.14619612,46.63654756,43.54554282,0.00187559,-3.64785377E+03
0.03987185,0.14954553,47.10730751,43.80161321,0.00191331,-3.64756764E+03
0.03860887,0.14925730,48.22631435,43.38071807,0.00189764,-3.64751127E+03
0.03764182,0.14976143,49.26343336,43.08687666,0.00189296,-3.64749248E+03
0.03924936,0.14828102,49.14816560,42.38627939,0.00189425,-3.64753138E+03
0.03867921,0.15006993,49.29503447,43.62938398,0.00190656,-3.64749787E+03
0.03800072,0.15060289,49.66668567,42.75133962,0.00190509,-3.64743107E+03
0.03714088,0.15179131,50.62988610,42.27664094,0.00190841,-3.64741440E+03
0.03648378,0.15040632,52.06095225,41.88797728,0.00188778,-3.64750616E+03
0.03572349,0.15273347,51.47648749,43.05416004,0.00190361,-3.64745973E+03
0.03810891,0.15177175,48.27146846,44.13555353,0.00191799,-3.64756898E+03
0.03689007,0.15074768,51.11358130,42.44987134,0.00189533,-3.64744368E+03
0.03501891,0.15244700,51.94665966,41.80439050,0.00189360,-3.64749127E+03
0.03474486,0.15409830,53.31987391,41.70565476,0.00190751,-3.64749726E+03
0.03691758,0.15084565,50.27754350,42.74157118,0.00189660,-3.64744317E+03
0.03831709,0.15061204,49.80208954,43.45673124,0.00190838,-3.64747407E+03
0.03749255,0.15107078,50.33823207,43.04364606,0.00190468,-3.64743504E+03
0.03849705,0.14949424,49.70313399,42.20170472,0.00189890,-3.64746576E+03
0.03641688,0.15192366,51.03314911,42.84104621,0.00190243,-3.64743072E+03
0.03709387,0.15206802,50.02582409,43.00158085,0.00191073,-3.64743581E+03
0.03715451,0.15258124,50.73600219,42.83988585,0.00191652,-3.64745082E+03
0.03697681,0.15127954,50.39215817,42.76614985,0.00190158,-3.64742537E+03
0.03691968,0.15096462,51.17088864,42.46216067,0.00189782,-3.64743144E+03
0.03623458,0.15190878,51.27480894,42.12935278,0.00190044,-3.64742603E+03
0.03646489,0.15248702,50.49411253,42.54443421,0.00190861,-3.64742289E+03
0.03699170,0.15180967,50.36233375,42.01724268,0.00190708,-3.64742215E+03
0.03755256,0.15177499,49.66443633,42.67288106,0.00191240,-3.64743066E+03
0.03656407,0.15187534,50.87221579,42.26523485,0.00190343,-3.64741659E+03
0.03660396,0.15270212,50.78711591,41.78562649,0.00191218,-3.64744346E+03
0.03688360,0.15163519,50.49089761,42.52101901,0.00190423,-3.64741553E+03
0.03732524,0.15106873,50.68355410,41.99563453,0.00190297,-3.64742337E+03
0.03667998,0.15213245,50.54147292,42.40723429,0.00190720,-3.64741628E+03
0.03664256,0.15190747,50.90490245,42.71782186,0.00190455,-3.64742095E+03
0.03672985,0.15188302,50.76926028,42.54267707,0.00190518,-3.64741548E+03
0.03715308,0.15184565,50.34354266,42.60855080,0.00190908,-3.64741800E+03
0.03671132,0.15186791,50.74004751,42.35106384,0.00190484,-3.64741435E+03
0.03705285,0.15145627,50.77357283,42.43846614,0.00190413,-3.64741382E+03
0.03723928,0.15111817,50.88962278,42.45408206,0.00190260,-3.64741720E+03
0.03693385,0.15186406,50.96548575,42.28340498,0.00190705,-3.64741258E+03
0.03695898,0.15197850,51.20277982,42.16459797,0.00190846,-3.64741434E+03
0.03718960,0.15160675,50.78523581,42.13211088,0.00190703,-3.64741480E+03
0.03707466,0.15167582,50.78124193,42.23475243,0.00190657,-3.64741303E+03
0.03674547,0.15164073,51.00028791,42.37720275,0.00190289,-3.64741534E+03
0.03704203,0.15175366,50.72248655,42.30178139,0.00190703,-3.64741290E+03
0.03734037,0.15150699,50.88134602,42.27813863,0.00190755,-3.64741317E+03
0.03714261,0.15194400,50.90170730,42.11057258,0.00190997,-3.64741798E+03
0.03707529,0.15157820,50.80560644,42.35649275,0.00190559,-3.64741237E+03
0.03672254,0.15192888,50.75606432,42.31007714,0.00190557,-3.64741417E+03
0.03718591,0.15161246,50.85002559,42.28612326,0.00190705,-3.64741251E+03
0.03704387,0.15172837,50.89056024,42.37914876,0.00190679,-3.64741224E+03
0.03702848,0.15175465,50.94521940,42.45134693,0.00190690,-3.64741278E+03
0.03707744,0.15163789,51.03335246,42.35080348,0.00190622,-3.64741193E+03
0.03709514,0.15158000,51.18878542,42.37531453,0.00190581,-3.64741225E+03
0.03725741,0.15141440,50.82428662,42.40287915,0.00190578,-3.64741282E+03
0.03701474,0.15175165,50.93018597,42.31327352,0.00190673,-3.64741216E+03
0.03691976,0.15173559,50.97982696,42.41373600,0.00190561,-3.64741256E+03
0.03711937,0.15164325,50.88247594,42.31802644,0.00190669,-3.64741215E+03
0.03705242,0.15180238,51.06268086,42.32413336,0.00190762,-3.64741238E+03
0.03706957,0.15163424,50.86987505,42.34840290,0.00190610,-3.64741211E+03
0.03709669,0.15160514,50.96738447,42.28610441,0.00190608,-3.64741207E+03
0.03716680,0.15150861,50.94635799,42.33839510,0.00190581,-3.64741218E+03
0.03705275,0.15169089,50.93422897,42.31955392,0.00190650,-3.64741203E+03
0.03702885,0.15164084,51.01994454,42.33440591,0.00190575,-3.64741198E+03
0.03705829,0.15165313,51.10758017,42.29703096,0.00190618,-3.64741188E+03
0.03705265,0.15166258,51.22643274,42.27134499,0.00190621,-3.64741194E+03
0.03701198,0.15170623,51.08016861,42.36479272,0.00190624,-3.64741200E+03
0.03703553,0.15162816,51.18629392,42.35396262,0.00190569,-3.64741209E+03
0.03704845,0.15167521,50.99724521,42.32815609,0.00190630,-3.64741193E+03
0.03709453,0.15159730,50.99889259,42.29040550,0.00190598,-3.64741202E+03
0.03703262,0.15167900,51.05984960,42.34619592,0.00190618,-3.64741192E+03
0.03707955,0.15168178,51.07906918,42.32668732,0.00190668,-3.64741192E+03
0.03703202,0.15170667,51.08851962,42.29823166,0.00190645,-3.64741190E+03
0.03705279,0.15168508,51.17026408,42.30591684,0.00190644,-3.64741188E+03
0.03707870,0.15168433,51.16286693,42.26773747,0.00190670,-3.64741198E+03
0.03704414,0.15168033,51.08560393,42.32658131,0.00190631,-3.64741188E+03
0.03701407,0.15168083,51.14691472,42.28719307,0.00190601,-3.64741191E+03
0.03703044,0.15168107,51.12995334,42.29706663,0.00190618,-3.64741188E+03
0.03706082,0.15164314,51.15818114,42.31506620,0.00190610,-3.64741188E+03
0.03705362,0.15165902,51.14076576,42.31085757,0.00190619,-3.64741187E+03
0.03704046,0.15165169,51.06168752,42.30985140,0.00190598,-3.64741190E+03
0.03704971,0.15167674,51.14311994,42.30690048,0.00190633,-3.64741187E+03
0.03707244,0.15165354,51.10858157,42.32361853,0.00190632,-3.64741187E+03
0.03705166,0.15168169,51.13145543,42.33694798,0.00190640,-3.64741190E+03
0.03705663,0.15166027,51.11354899,42.30701022,0.00190623,-3.64741186E+03
0.03707206,0.15164445,51.16740419,42.29761209,0.00190623,-3.64741188E+03
0.03705112,0.15167136,51.10605400,42.31933900,0.00190629,-3.64741187E+03
0.03703310,0.15168015,51.14316278,42.29843510,0.00190619,-3.64741187E+03
0.03706260,0.15166020,51.11722687,42.31732267,0.00190629,-3.64741187E+03
0.03705641,0.15167526,51.09920914,42.31442861,0.00190638,-3.64741187E+03
0.03705432,0.15166308,51.13037660,42.31175033,0.00190624,-3.64741186E+03
0.03706263,0.15165072,51.09048329,42.32081063,0.00190620,-3.64741187E+03
0.03705294,0.15167023,51.12996078,42.31037802,0.00190629,-3.64741186E+03
0.03706213,0.15165553,51.13950262,42.30389161,0.00190624,-3.64741187E+03
0.03705387,0.15166740,51.11441615,42.31547715,0.00190628,-3.64741186E+03
0.03704628,0.15167030,51.12692439,42.30498519,0.00190623,-3.64741187E+03
0.03705036,0.15166777,51.12450001,42.30806956,0.00190624,-3.64741186E+03
0.03704911,0.15167398,51.13607779,42.31582731,0.00190629,-3.64741187E+03
0.03705475,0.15166370,51.11918119,42.30921449,0.00190625,-3.64741186E+03
0.03705164,0.15167147,51.11365246,42.30981928,0.00190629,-3.64741186E+03
0.03705097,0.15166918,51.12923106,42.30326352,0.00190626,-3.64741187E+03
0.03705315,0.15166785,51.11811988,42.31242375,0.00190627,-3.64741186E+03
0.03705201,0.15166516,51.10776599,42.30938552,0.00190623,-3.64741186E+03
0.03705271,0.15166897,51.12441208,42.31012989,0.00190628,-3.64741186E+03
0.03705384,0.15166267,51.12945412,42.31009956,0.00190623,-3.64741186E+03
0.03705219,0.15166927,51.11760288,42.30988935,0.00190628,-3.64741186E+03
0.03705604,0.15166712,51.11515800,42.31275918,0.00190629,-3.64741186E+03
0.03705229,0.15167290,51.11846523,42.31338659,0.00190632,-3.64741186E+03
0.03705414,0.15166600,51.11900220,42.31025752,0.00190626,-3.64741186E+03
0.03705005,0.15166892,51.12441052,42.30859107,0.00190625,-3.64741186E+03
0.03705454,0.15166757,51.11747113,42.31171715,0.00190628,-3.64741186E+03
0.03705507,0.15166592,51.12189977,42.31237480,0.00190627,-3.64741186E+03
0.03705435,0.15166676,51.12082555,42.31175344,0.00190627,-3.64741186E+03
0.03705538,0.15166512,51.11329730,42.31294604,0.00190627,-3.64741186E+03
0.03705471,0.15166608,51.11607599,42.31224200,0.00190627,-3.64741186E+03
0.03705573,0.15166536,51.11856755,42.31056131,0.00190627,-3.64741186E+03
0.03705702,0.15166411,51.11879139,42.30963009,0.00190627,-3.64741186E+03
0.03705521,0.15166575,51.11473289,42.31063555,0.00190627,-3.64741186E+03
0.03705457,0.15166651,51.11930238,42.31147397,0.00190627,-3.64741186E+03
0.03705503,0.15166440,51.11900293,42.31055024,0.00190626,-3.64741186E+03
0.03705466,0.15166678,51.11785408,42.31142543,0.00190628,-3.64741186E+03
0.03705483,0.15166624,51.12128711,42.30961711,0.00190627,-3.64741186E+03
0.03705474,0.15166612,51.11737877,42.31158578,0.00190627,-3.64741186E+03
0.03705571,0.15166638,51.11754920,42.31226572,0.00190628,-3.64741186E+03
0.03705453,0.15166609,51.11863895,42.31075957,0.00190627,-3.64741186E+03
0.03705353,0.15166739,51.11801954,42.31206106,0.00190627,-3.64741186E+03
0.03705518,0.15166587,51.11843055,42.31093625,0.00190627,-3.64741186E+03
0.03705485,0.15166552,51.11902125,42.31095235,0.00190627,-3.64741186E+03
0.03705508,0.15166529,51.11743238,42.31064301,0.00190627,-3.64741186E+03
0.03705470,0.15166620,51.11883488,42.31126623,0.00190627,-3.64741186E+03
0.03705473,0.15166663,51.11762033,42.31132156,0.00190628,-3.64741186E+03
0.03705482,0.15166579,51.11867102,42.31104465,0.00190627,-3.64741186E+03
0.03705487,0.15166586,51.11990892,42.31041757,0.00190627,-3.64741186E+03
0.03705477,0.15166606,51.11801131,42.31129373,0.00190627,-3.64741186E+03
0.03705423,0.15166621,51.11864753,42.31124584,0.00190627,-3.64741186E+03
0.03705473,0.15166603,51.11844342,42.31166566,0.00190627,-3.64741186E+03
0.03705458,0.15166608,51.11859007,42.31098609,0.00190627,-3.64741186E+03
0.03705520,0.15166586,51.11840611,42.31104951,0.00190627,-3.64741186E+03
0.03705447,0.15166612,51.11858717,42.31119676,0.00190627,-3.64741186E+03
0.03705445,0.15166644,51.11834070,42.31132675,0.00190627,-3.64741186E+03
0.03705444,0.15166614,51.11792974,42.31113543,0.00190627,-3.64741186E+03
0.03705451,0.15166616,51.11815603,42.31116813,0.00190627,-3.64741186E+03
0.03705472,0.15166577,51.11833159,42.31099561,0.00190627,-3.64741186E+03
0.03705452,0.15166627,51.11833842,42.31124396,0.00190627,-3.64741186E+03
0.03705426,0.15166626,51.11882453,42.31100374,0.00190627,-3.64741186E+03
0.03705465,0.15166611,51.11821462,42.31122123,0.00190627,-3.64741186E+03
0.03705449,0.15166625,51.11805805,42.31142895,0.00190627,-3.64741186E+03

Quadratic Missing and 1% false
0.11127431,0.12038765,44.11355000,33.38697000,0.00234002,-3.65299957E+03
0.11683803,0.12038765,44.11355000,33.38697000,0.00239622,-3.65681635E+03
0.11127431,0.12640703,44.11355000,33.38697000,0.00240082,-3.65711496E+03
0.11127431,0.12038765,46.31922750,33.38697000,0.00234002,-3.65239479E+03
0.11127431,0.12038765,44.11355000,35.05631850,0.00234002,-3.65204621E+03
0.11405617,0.11436827,45.21638875,34.22164425,0.00230732,-3.65035526E+03
0.11544710,0.10834888,45.76780813,34.63898137,0.00226057,-3.64785683E+03
0.10779699,0.11436827,46.04351781,34.84764994,0.00224409,-3.64746141E+03
0.10327647,0.11135857,47.00850172,35.57798991,0.00216803,-3.64579388E+03
0.10936179,0.10985373,47.49099367,35.94315989,0.00221430,-3.64612507E+03
0.10840552,0.10458677,45.87119926,37.22125484,0.00215144,-3.64534616E+03
0.10697113,0.09668633,45.64718514,39.13839725,0.00205715,-3.64666413E+03
0.10697113,0.09668633,48.95570139,36.63437450,0.00205715,-3.64699352E+03
0.09856035,0.10289382,48.89538989,38.04940819,0.00203489,-3.64792314E+03
0.11122541,0.10698512,46.54970357,35.49158808,0.00220415,-3.64610059E+03
0.10916347,0.11970577,44.50449772,35.48262185,0.00231181,-3.65016021E+03
0.10751921,0.10244119,47.84290047,36.34643634,0.00212081,-3.64563052E+03
0.10585152,0.10283210,46.14515883,36.37547469,0.00210792,-3.64603122E+03
0.10130095,0.10362420,46.88417657,37.26898981,0.00206995,-3.64675398E+03
0.10874430,0.10614489,46.63332182,35.93593851,0.00217060,-3.64566174E+03
0.10812123,0.10943361,47.53280280,36.16533511,0.00219752,-3.64579525E+03
0.10755380,0.10778323,47.18589181,36.21787000,0.00217512,-3.64558917E+03
0.11283495,0.09911947,46.75815496,37.28275994,0.00214095,-3.64492917E+03
0.11761418,0.09299991,46.63298158,38.13514496,0.00212742,-3.64419406E+03
0.11180206,0.09776066,47.13316474,38.02441456,0.00211680,-3.64502851E+03
0.11516857,0.09912410,45.56871822,38.45290583,0.00216457,-3.64461490E+03
0.11894137,0.08945249,45.41714009,39.69899009,0.00210499,-3.64399688E+03
0.12463515,0.08028711,44.53276423,41.43955013,0.00206992,-3.64334258E+03
0.12620446,0.08049913,46.06261513,40.80475290,0.00208792,-3.64269058E+03
0.13510393,0.06845530,46.15832306,42.59650194,0.00205615,-3.64133860E+03
0.13445886,0.07267255,44.31322881,42.28763687,0.00209224,-3.64073389E+03
0.14578725,0.06012849,42.90326084,44.41924803,0.00207996,-3.63852393E+03
0.14640168,0.05181131,44.54494663,44.84231669,0.00200215,-3.64095594E+03
0.15834983,0.03734120,42.43666580,48.51366344,0.00197668,-3.64103239E+03
0.16818620,0.02858104,43.48883394,48.74631492,0.00198755,-3.64032936E+03
0.17425855,0.02047572,40.52853055,50.66426961,0.00196701,-3.64264253E+03
0.14489258,0.05646041,44.75087493,44.61344385,0.00203387,-3.63990793E+03
0.14428403,0.06114943,45.40729237,42.79699831,0.00207509,-3.63891246E+03
0.15517335,0.05134837,43.73018441,45.44568586,0.00208608,-3.63684075E+03
0.15955918,0.05111690,43.32280329,45.74737045,0.00212804,-3.63583462E+03
0.12907533,0.08584657,44.70328178,40.04221540,0.00217093,-3.64215278E+03
0.15840848,0.04289742,43.79244590,46.57029004,0.00203339,-3.63804503E+03
0.15912689,0.05118572,42.96202627,45.15350956,0.00212437,-3.63591837E+03
0.16715687,0.04151484,41.08297578,48.14821073,0.00210780,-3.63566815E+03
0.17859328,0.03169755,38.92081749,50.82381694,0.00212415,-3.63635984E+03
0.17633845,0.03322895,42.67686478,48.39044236,0.00211684,-3.63545346E+03
0.19161406,0.01977918,42.56366675,50.37603952,0.00213529,-3.63698277E+03
0.17268221,0.04562578,41.22988916,47.14947651,0.00220513,-3.63560900E+03
0.17874147,0.03455752,41.19424024,49.56424046,0.00215454,-3.63532818E+03
0.18854876,0.02624343,40.31034722,51.76960591,0.00216962,-3.63653122E+03
0.18790032,0.02634665,39.76918169,50.87881458,0.00216411,-3.63668257E+03
0.16664447,0.04492434,42.43439789,47.03023148,0.00213706,-3.63523066E+03
0.18004644,0.03765345,42.68472025,47.91898467,0.00219899,-3.63538092E+03
0.17820320,0.02955635,43.26522242,49.30247298,0.00209858,-3.63598841E+03

Generated Data:
Goal = 0.11127431,0.12038765,44.11355000,33.38697000,0.00234002
0.11127431,0.12038765,44.11355000,33.38697000,0.00234002,-3.55056906E+03
0.11683803,0.12038765,44.11355000,33.38697000,0.00239622,-3.55363112E+03
0.11127431,0.12640703,44.11355000,33.38697000,0.00240082,-3.55388329E+03
0.11127431,0.12038765,46.31922750,33.38697000,0.00234002,-3.55074120E+03
0.11127431,0.12038765,44.11355000,35.05631850,0.00234002,-3.55076005E+03
0.11405617,0.11436827,45.21638875,34.22164425,0.00230732,-3.54949961E+03
0.11544710,0.10834888,45.76780813,34.63898137,0.00226057,-3.54846896E+03
0.10779699,0.11436827,46.04351781,34.84764994,0.00224409,-3.54817245E+03
0.10327647,0.11135857,47.00850172,35.57798991,0.00216803,-3.54851152E+03
0.11162205,0.11135857,47.00850172,33.07396716,0.00225233,-3.54815182E+03
0.11179591,0.10684404,48.45597758,32.08279148,0.00220848,-3.54787981E+03
0.11188284,0.10458677,45.87119926,34.09122640,0.00218656,-3.54792191E+03
0.11218711,0.09668633,48.95570139,34.44335460,0.00210983,-3.55050583E+03
0.11195891,0.10261166,47.74516354,34.17925845,0.00216738,-3.54855189E+03
0.11150251,0.11446232,45.32408785,33.65106615,0.00228247,-3.54864807E+03
0.11184481,0.10557432,47.13989462,34.04721037,0.00219615,-3.54808860E+03
0.10621318,0.10733782,47.98748651,32.89545772,0.00215708,-3.54829988E+03
0.10852166,0.10759058,47.43256691,33.33133864,0.00218295,-3.54799075E+03
0.11422562,0.09792959,48.40630137,31.92863351,0.00214298,-3.54876612E+03
0.10940415,0.11025860,46.63421370,34.11789583,0.00221882,-3.54793902E+03
0.10895747,0.10906567,47.05708411,32.76441580,0.00220225,-3.54772020E+03
0.10751380,0.11081134,47.01567885,32.12301851,0.00220530,-3.54758427E+03
0.11177669,0.10865979,46.55596778,32.87612748,0.00222663,-3.54777473E+03
0.11208048,0.10519237,47.31519804,31.46868611,0.00219468,-3.54763657E+03
0.10970060,0.11116700,48.80021187,30.18408539,0.00223099,-3.54765389E+03
0.10873987,0.11107122,46.38755069,31.24316726,0.00222031,-3.54747304E+03
0.10721185,0.11318480,45.35333725,30.82335515,0.00222623,-3.54746035E+03
0.10647667,0.11151797,47.68624522,29.42344510,0.00220197,-3.54738553E+03
0.10382666,0.11294706,48.25138394,27.69710392,0.00218963,-3.54748301E+03
0.10694080,0.10918624,44.88501781,31.73516705,0.00218310,-3.54750051E+03
0.10199109,0.11715781,45.15494153,30.58380680,0.00221363,-3.54745904E+03
0.10379640,0.11471207,44.52409205,29.15986854,0.00220716,-3.54757837E+03
0.10472575,0.11373689,45.14698875,29.90065603,0.00220669,-3.54742839E+03
0.10326188,0.11861249,46.78573856,28.63046450,0.00224116,-3.54770029E+03
0.10602107,0.11154280,45.36019800,30.95899141,0.00219761,-3.54739975E+03
0.10239544,0.11379293,46.32084950,29.61009452,0.00218372,-3.54749408E+03
0.10600775,0.11333684,45.59521531,30.52003999,0.00221560,-3.54740236E+03
0.10962454,0.10790944,46.73938211,29.81775947,0.00219731,-3.54738445E+03
0.11344126,0.10328526,47.53160240,29.43473580,0.00218916,-3.54749275E+03
0.10933926,0.10841664,47.54353157,30.45946196,0.00219955,-3.54746838E+03
0.10587913,0.11240682,45.74612446,30.04035751,0.00220491,-3.54738168E+03
0.10799295,0.10835168,47.17075958,29.60023675,0.00218530,-3.54744697E+03
0.10650405,0.11209055,45.98910138,30.29008918,0.00220803,-3.54737593E+03
0.10822112,0.11041959,47.72022858,28.82683423,0.00220849,-3.54737137E+03
0.10932115,0.10985798,48.90024387,27.76075564,0.00221393,-3.54741435E+03

Generated Data again (no missing and pF=0.01):
Goal = 0.11127431,0.12038765,44.11355000,33.38697000,0.00234002
0.11127431,0.12038765,44.11355000,33.38697000,0.00234002,-4.05940438E+03
0.11683803,0.12038765,44.11355000,33.38697000,0.00239622,-4.06035010E+03
0.11127431,0.12640703,44.11355000,33.38697000,0.00240082,-4.06032723E+03
0.11127431,0.12038765,46.31922750,33.38697000,0.00234002,-4.05965897E+03
0.11127431,0.12038765,44.11355000,35.05631850,0.00234002,-4.05952675E+03
0.10571060,0.12339734,45.21638875,34.22164425,0.00231422,-4.05946918E+03
0.10849246,0.11587311,45.76780812,34.63898137,0.00226632,-4.06056544E+03
0.11057885,0.12377355,44.52711453,33.69997284,0.00236720,-4.05965772E+03
0.10814472,0.12358545,42.66607414,34.79548280,0.00234071,-4.05929023E+03
0.10657993,0.12518434,40.83949746,35.49973920,0.00234105,-4.05923062E+03
0.10684073,0.12090494,42.61437857,35.38236313,0.00230046,-4.05949076E+03
0.10392847,0.12454949,42.27835739,34.18903979,0.00230786,-4.05930355E+03
0.10690593,0.12585447,43.60951823,33.26633349,0.00235112,-4.05933693E+03
0.10863372,0.12459063,40.20407279,33.94939698,0.00235580,-4.05951416E+03
0.10644138,0.12369566,43.96330976,34.15358243,0.00232462,-4.05929948E+03
0.10065354,0.12925433,41.23179142,35.16737745,0.00232230,-4.05914813E+03
0.09534315,0.13368768,39.79091213,36.05758118,0.00231344,-4.05925042E+03
0.10189573,0.12548744,40.54695979,36.23853595,0.00229680,-4.05940165E+03
0.10565338,0.12576271,42.84387862,34.00938410,0.00233754,-4.05921972E+03
0.10573564,0.12739904,42.16088124,35.22600180,0.00235490,-4.05931180E+03
0.10438026,0.12526188,42.24898835,34.44828029,0.00231962,-4.05921512E+03
0.10219218,0.12903597,39.61876817,35.40880809,0.00233564,-4.05920396E+03
0.09985975,0.12947310,42.13221582,34.01718577,0.00231649,-4.05920313E+03
0.09788949,0.13074993,39.77200326,35.51144170,0.00230949,-4.05927580E+03
0.10371240,0.12700952,42.07590978,34.38489850,0.00233052,-4.05917172E+03
0.09882867,0.13212459,40.28035424,35.04085461,0.00233286,-4.05917940E+03
0.09933501,0.12989480,43.24136746,33.89635008,0.00231545,-4.05919982E+03
0.10140506,0.12966852,41.28249563,35.22755455,0.00233408,-4.05913270E+03
0.10217772,0.12976622,40.85763554,35.83273895,0.00234287,-4.05916219E+03
0.10296483,0.12913368,39.19390807,36.01399248,0.00234443,-4.05922482E+03
0.10024246,0.12970452,42.22950261,34.42576068,0.00232270,-4.05915062E+03
0.10417806,0.12569386,43.12949548,34.56194098,0.00232194,-4.05922312E+03
0.10016602,0.13051690,40.99263955,34.92112621,0.00233013,-4.05914484E+03
0.09752114,0.13256262,40.79230483,35.48601094,0.00232408,-4.05914917E+03
0.09963041,0.13129667,39.92011310,35.97527390,0.00233260,-4.05913907E+03
0.10340638,0.12780559,40.92121502,35.15965511,0.00233547,-4.05916590E+03
0.09899245,0.13137336,40.82453238,35.40442199,0.00232693,-4.05913411E+03
0.09944343,0.13217339,40.27809891,35.59681087,0.00233956,-4.05915357E+03
0.10035101,0.12998410,40.99336829,35.27473581,0.00232662,-4.05913536E+03
0.10002345,0.13064442,40.51761515,36.01986692,0.00232998,-4.05912602E+03
0.09995216,0.13070818,40.28010295,36.56923727,0.00232990,-4.05913277E+03
0.10075557,0.12953853,41.88889263,34.98801573,0.00232620,-4.05913374E+03
0.10023725,0.13062831,41.26339960,35.54519379,0.00233198,-4.05912238E+03
0.10018037,0.13095042,41.39841525,35.68042278,0.00233465,-4.05912571E+03
0.10221822,0.12886653,41.65166913,35.48589351,0.00233419,-4.05914348E+03
0.09979889,0.13074665,41.03131656,35.42478987,0.00232874,-4.05912588E+03
0.09997676,0.13130542,40.15852085,36.12068683,0.00233618,-4.05913345E+03
0.10017146,0.13086370,40.59111379,35.83751905,0.00233369,-4.05912654E+03
0.09871046,0.13177303,40.41922692,36.18613026,0.00232812,-4.05912910E+03
0.09938411,0.13124690,40.63504410,35.94648633,0.00232961,-4.05912443E+03
0.09955039,0.13076944,41.13257392,35.63064940,0.00232646,-4.05912665E+03
0.10001619,0.13084013,40.72647882,35.78580164,0.00233188,-4.05912411E+03
0.09969478,0.13108658,41.31050439,35.33126890,0.00233112,-4.05912188E+03
0.09953044,0.13130767,41.70694901,34.98696989,0.00233170,-4.05912337E+03
0.09986728,0.13115431,40.93639689,35.87958546,0.00233355,-4.05912344E+03
0.10052363,0.13060777,41.48334575,35.32443856,0.00233466,-4.05912504E+03
0.09966899,0.13108712,40.84711951,35.79097439,0.00233087,-4.05912251E+03
0.09971796,0.13113803,41.45223138,35.48770963,0.00233188,-4.05912094E+03
0.09956884,0.13128698,41.81510765,35.33866362,0.00233188,-4.05912216E+03
0.09979221,0.13081571,41.50023055,35.19798789,0.00232937,-4.05912313E+03
0.09981098,0.13090036,41.35927213,35.36838728,0.00233042,-4.05912163E+03
0.10006149,0.13078953,41.84558424,35.07530541,0.00233183,-4.05912259E+03
0.09976712,0.13101272,41.09673569,35.61205715,0.00233111,-4.05912149E+03
0.09925816,0.13144053,41.34597220,35.35451769,0.00233029,-4.05912166E+03
0.09958233,0.13115924,41.31660131,35.58006698,0.00233072,-4.05912105E+03
0.10018103,0.13066464,41.26644806,35.66959283,0.00233177,-4.05912298E+03
0.09948888,0.13124656,41.32609116,35.43328647,0.00233066,-4.05912093E+03
0.09946716,0.13137791,41.23655764,35.68817283,0.00233177,-4.05912128E+03
0.09936105,0.13144815,41.56900505,35.48256081,0.00233141,-4.05912123E+03
0.09960794,0.13111808,41.59540681,35.30363912,0.00233057,-4.05912098E+03
0.09983751,0.13088280,41.27616028,35.41979029,0.00233051,-4.05912175E+03
0.09948016,0.13130681,41.49579386,35.46686818,0.00233118,-4.05912077E+03
0.09956514,0.13124550,41.61816030,35.26568472,0.00233142,-4.05912076E+03
0.09955654,0.13128863,41.76893979,35.10849360,0.00233177,-4.05912144E+03
0.09951812,0.13135038,41.35073154,35.52313539,0.00233201,-4.05912063E+03
0.09947321,0.13146653,41.22839390,35.63288352,0.00233272,-4.05912111E+03
0.09930820,0.13143659,41.44315705,35.35677775,0.00233076,-4.05912086E+03
0.09944693,0.13142308,41.62783020,35.37294655,0.00233202,-4.05912083E+03
0.09969698,0.13122629,41.60310090,35.45753967,0.00233256,-4.05912169E+03
0.09940539,0.13138402,41.48314301,35.38196823,0.00233121,-4.05912054E+03
0.09953748,0.13122027,41.34608415,35.44588171,0.00233089,-4.05912075E+03
0.09953290,0.13129327,41.40326564,35.34146685,0.00233158,-4.05912093E+03
0.09949335,0.13130343,41.47266180,35.43551785,0.00233128,-4.05912057E+03
0.09941203,0.13138355,41.20814995,35.62756687,0.00233127,-4.05912087E+03
0.09952686,0.13128001,41.51565771,35.35615526,0.00233138,-4.05912056E+03
0.09943439,0.13143864,41.56501288,35.40250665,0.00233205,-4.05912069E+03
0.09946016,0.13138405,41.51028070,35.41335042,0.00233176,-4.05912054E+03
0.09942476,0.13132538,41.64014008,35.27036049,0.00233081,-4.05912084E+03
0.09949478,0.13134413,41.42308367,35.45994166,0.00233171,-4.05912051E+03
0.09945025,0.13139268,41.49342074,35.37018994,0.00233175,-4.05912051E+03
0.09942870,0.13143730,41.50380021,35.33752598,0.00233198,-4.05912060E+03
0.09937843,0.13147242,41.43930635,35.45656986,0.00233183,-4.05912052E+03
0.09940427,0.13141257,41.40919619,35.42098443,0.00233148,-4.05912052E+03
0.09945847,0.13142688,41.39936047,35.47187472,0.00233218,-4.05912056E+03
0.09941866,0.13139473,41.46219738,35.40444485,0.00233145,-4.05912049E+03
0.09946679,0.13138941,41.49980788,35.42458873,0.00233188,-4.05912055E+03
0.09941990,0.13140678,41.43184911,35.42188551,0.00233158,-4.05912049E+03
0.09951337,0.13129673,41.46596910,35.37166112,0.00233142,-4.05912056E+03
0.09941216,0.13142850,41.44597204,35.43534268,0.00233172,-4.05912048E+03
0.09935571,0.13146722,41.49363596,35.35598982,0.00233154,-4.05912056E+03
0.09946001,0.13137490,41.44072174,35.43395370,0.00233167,-4.05912048E+03
0.09940512,0.13140978,41.39694939,35.47762343,0.00233146,-4.05912052E+03
0.09943897,0.13139695,41.46930291,35.39704831,0.00233168,-4.05912049E+03
0.09944686,0.13140883,41.43172552,35.43967025,0.00233188,-4.05912049E+03
0.09942571,0.13139826,41.45457941,35.41325120,0.00233156,-4.05912048E+03
0.09944853,0.13139253,41.47343894,35.41791244,0.00233173,-4.05912049E+03
0.09942706,0.13140322,41.44224657,35.42089224,0.00233162,-4.05912048E+03
0.09942351,0.13140549,41.42245698,35.45467160,0.00233161,-4.05912049E+03
0.09943510,0.13139909,41.45759142,35.41145413,0.00233166,-4.05912048E+03
0.09939000,0.13143963,41.45947298,35.40651642,0.00233161,-4.05912049E+03
0.09944251,0.13139108,41.44540955,35.42709438,0.00233165,-4.05912048E+03
0.09945303,0.13136732,41.45394144,35.40100330,0.00233152,-4.05912050E+03
0.09942238,0.13141321,41.44796439,35.42675783,0.00233167,-4.05912048E+03
0.09943781,0.13140504,41.44202655,35.42984809,0.00233175,-4.05912048E+03
0.09943479,0.13140334,41.44516477,35.42569887,0.00233170,-4.05912048E+03
0.09944033,0.13140014,41.45581850,35.42461037,0.00233172,-4.05912048E+03
0.09943038,0.13140245,41.44563955,35.42182177,0.00233164,-4.05912048E+03
0.09942993,0.13140595,41.43449771,35.43923230,0.00233168,-4.05912048E+03
0.09943381,0.13140080,41.45181799,35.41839867,0.00233166,-4.05912048E+03
0.09941816,0.13141882,41.44988380,35.41924419,0.00233169,-4.05912048E+03
0.09941758,0.13141430,41.45248810,35.41741237,0.00233164,-4.05912048E+03
0.09943391,0.13139656,41.44907122,35.42295113,0.00233162,-4.05912048E+03
0.09942997,0.13140212,41.44927436,35.42202440,0.00233164,-4.05912048E+03

Generated Data again (no missing and pF=0.1):
0.11127431,0.12038765,44.11355000,33.38697000,0.02574022,-4.43223323E+03
0.11683803,0.12038765,44.11355000,33.38697000,0.02635841,-4.43446160E+03
0.11127431,0.12640703,44.11355000,33.38697000,0.02640904,-4.43510292E+03
0.11127431,0.12038765,46.31922750,33.38697000,0.02574022,-4.43078129E+03
0.11127431,0.12038765,44.11355000,35.05631850,0.02574022,-4.43079026E+03
0.11405617,0.11436827,45.21638875,34.22164425,0.02538049,-4.42967341E+03
0.11544710,0.10834888,45.76780813,34.63898137,0.02486622,-4.42839823E+03
0.10779699,0.11436827,46.04351781,34.84764994,0.02468503,-4.42838192E+03
0.10327647,0.11135857,47.00850172,35.57798991,0.02384834,-4.42892155E+03
0.11162205,0.11135857,47.00850172,35.57798991,0.02477562,-4.42732735E+03
0.11179591,0.10684404,48.45597758,36.67349986,0.02429333,-4.42667084E+03
0.11188284,0.10458677,49.17971551,34.71723209,0.02405218,-4.42778577E+03
0.11218711,0.09668633,48.40428201,37.05171163,0.02320816,-4.43027121E+03
0.11195891,0.10261166,47.88301838,36.13552622,0.02384117,-4.42811527E+03
0.10627023,0.10585648,50.01330652,36.54797268,0.02356963,-4.42838360E+03
0.10856445,0.10647958,48.95193192,36.07072485,0.02389378,-4.42769599E+03
0.11430407,0.09589276,51.19180388,36.95084157,0.02335520,-4.42917371E+03
0.10942376,0.10974939,47.33058933,35.37344785,0.02435257,-4.42762508E+03
0.10887457,0.11121823,49.07608878,35.28192610,0.02445476,-4.42695390E+03
0.10744650,0.11255885,47.72757830,36.98256724,0.02444504,-4.42663314E+03
0.10522833,0.11654489,47.00150969,38.11523482,0.02464147,-4.42630676E+03
0.10909684,0.11569869,46.98015077,36.65132946,0.02497728,-4.42692792E+03
0.10807406,0.11540354,48.42627408,37.98754727,0.02483084,-4.42587656E+03
0.10739922,0.11823061,48.97411646,39.29459699,0.02506998,-4.42552176E+03
0.10788558,0.11744088,46.62978847,40.08540447,0.02503627,-4.42571891E+03
0.10705768,0.11383152,48.55054533,40.43303861,0.02454324,-4.42526365E+03
0.10603810,0.11289794,49.33574260,42.32389318,0.02432623,-4.42518172E+03
0.10147970,0.12571312,47.51460103,43.23606487,0.02524365,-4.42539897E+03
0.10617297,0.12059638,49.22561459,44.35474493,0.02519659,-4.42505754E+03
0.10664528,0.12262213,50.33766704,47.47449998,0.02547416,-4.42592741E+03
0.10265941,0.12127814,50.89524887,44.51924552,0.02488195,-4.42495482E+03
0.10004633,0.12319677,53.02797908,46.73616604,0.02480479,-4.42561334E+03
0.10077587,0.12201218,49.51148709,47.92237726,0.02475423,-4.42526752E+03
0.10634348,0.11267920,51.96944555,46.32406557,0.02433585,-4.42556850E+03
0.10269564,0.12245464,48.62831216,44.00806504,0.02501670,-4.42495812E+03
0.10800719,0.11660137,49.53097202,39.68059708,0.02495651,-4.42525291E+03
0.10619936,0.11795407,49.52610079,41.74104212,0.02490594,-4.42492427E+03
0.10282559,0.12824368,49.80189561,44.98765563,0.02567436,-4.42622584E+03
0.10523497,0.11673437,49.45228085,42.98983379,0.02466326,-4.42483661E+03
0.10222173,0.11861423,50.02535675,42.27434831,0.02453733,-4.42499663E+03
0.10320954,0.11910977,49.82542121,42.79444746,0.02470214,-4.42487017E+03
0.10595600,0.11508354,51.22121370,42.01421940,0.02455995,-4.42494045E+03
0.10764052,0.11316273,49.11725940,40.25052587,0.02453369,-4.42523298E+03
0.10390469,0.11924929,50.45075151,43.45206561,0.02479489,-4.42484346E+03
0.10331828,0.12144022,48.40606348,43.47447509,0.02497317,-4.42493353E+03
0.10397771,0.11985105,49.10985103,43.10941117,0.02486986,-4.42485953E+03
0.10196409,0.11951817,49.89305151,44.43183689,0.02460914,-4.42492426E+03
0.10302291,0.11912714,49.80131383,43.75913820,0.02468334,-4.42485574E+03
0.10486060,0.11837116,49.58167740,43.86077692,0.02480353,-4.42480330E+03
0.10568614,0.11800185,49.45980550,44.39394165,0.02485422,-4.42479912E+03
0.10494664,0.11670528,50.47222481,44.18807845,0.02462799,-4.42487880E+03
0.10421994,0.11906460,49.45044448,43.37907799,0.02480939,-4.42482344E+03
0.10649996,0.11739792,49.60532734,43.34832132,0.02487754,-4.42480200E+03
0.10691582,0.11635008,48.53317758,43.60352176,0.02480732,-4.42477947E+03
0.10842138,0.11490048,47.57439061,43.67924984,0.02481354,-4.42479441E+03
0.10642596,0.11867286,49.07209659,44.37259757,0.02501098,-4.42485516E+03
0.10553272,0.11721899,49.35723479,43.33552473,0.02475019,-4.42479958E+03
0.10809737,0.11541982,49.02732812,43.96157674,0.02483524,-4.42475882E+03
0.11003609,0.11359742,48.81576994,44.25282612,0.02484817,-4.42474821E+03
0.10758542,0.11518626,48.47766657,44.44458582,0.02475241,-4.42474767E+03
0.10812815,0.11408043,47.91383618,44.99271807,0.02468984,-4.42474676E+03
0.10985038,0.11379590,48.00405981,45.28597906,0.02484959,-4.42473072E+03
0.11200921,0.11208435,47.32747233,46.26120623,0.02489928,-4.42473978E+03
0.11177908,0.11091007,47.17361626,44.67358086,0.02474324,-4.42474537E+03
0.11298103,0.10984183,47.42046352,45.99903029,0.02475810,-4.42473004E+03
0.11601364,0.10658770,46.86410650,47.19678455,0.02473348,-4.42478220E+03
0.11133323,0.11071669,46.44021794,46.22282802,0.02467221,-4.42473403E+03
0.11484371,0.10855181,46.60534259,46.09799105,0.02482172,-4.42473194E+03
0.11272510,0.11054305,47.06142567,47.12933335,0.02480757,-4.42474561E+03
0.11201558,0.11081831,47.14556861,45.28751898,0.02475932,-4.42472309E+03
0.11351212,0.11078724,48.14749933,45.11243167,0.02492215,-4.42476619E+03
0.11187795,0.11073433,46.86703829,45.94522893,0.02473470,-4.42471815E+03
0.10851876,0.11404337,48.11322253,45.16088758,0.02472913,-4.42473741E+03
0.11326247,0.10992470,46.98231257,45.86371518,0.02479858,-4.42471980E+03
0.11521814,0.10686368,46.20363169,46.26176763,0.02467576,-4.42476678E+03
0.11119232,0.11206285,47.55395278,45.52992621,0.02480613,-4.42471771E+03
0.11119313,0.11192827,46.85397261,45.31416436,0.02479127,-4.42472164E+03
0.11174736,0.11150676,46.98306951,46.03899836,0.02480601,-4.42471237E+03
0.11161324,0.11185098,46.90181996,46.41473805,0.02482936,-4.42471634E+03
0.11284692,0.11018605,47.33921397,46.37476998,0.02478144,-4.42473137E+03
0.11160658,0.11149271,46.97528295,45.57931577,0.02478881,-4.42471476E+03
0.10994963,0.11297362,47.20735919,45.68301945,0.02476925,-4.42471577E+03
0.11036999,0.11328364,47.49279393,45.47040096,0.02485040,-4.42472208E+03
0.11150096,0.11137166,47.02347720,45.82652194,0.02476362,-4.42471387E+03
0.11120995,0.11160953,46.54064164,46.03400155,0.02475772,-4.42471320E+03
0.11308279,0.11001671,46.55387646,46.05639936,0.02478883,-4.42471625E+03
0.11073292,0.11223439,47.04398851,45.77636443,0.02477415,-4.42471286E+03
0.11098901,0.11186845,46.82030548,46.25862737,0.02476194,-4.42471296E+03
0.11083866,0.11223791,46.67052537,46.22747392,0.02478628,-4.42471054E+03
0.11050750,0.11267104,46.49404946,46.42794990,0.02479762,-4.42471177E+03
0.11094403,0.11231423,47.21830280,46.11673049,0.02480647,-4.42471646E+03
0.11114347,0.11178570,46.71005693,46.05468379,0.02476991,-4.42471123E+03
0.11124219,0.11201393,46.88351468,45.79013287,0.02480623,-4.42471213E+03
0.11175291,0.11153776,46.57959474,46.27928004,0.02481007,-4.42471020E+03
0.11226291,0.11118944,46.34739786,46.53073785,0.02482804,-4.42471186E+03
0.11074125,0.11228089,46.43877635,46.13678695,0.02478024,-4.42471190E+03
0.11099596,0.11190720,46.31596202,46.55897947,0.02476702,-4.42471142E+03
0.11162424,0.11145340,46.69929318,46.42342166,0.02478640,-4.42471148E+03
0.11140349,0.11166027,46.63416397,46.35176298,0.02478486,-4.42471029E+03
0.11157331,0.11170362,46.98120849,45.89762089,0.02480855,-4.42471205E+03
0.11114029,0.11185631,46.48227364,46.39363983,0.02477740,-4.42471024E+03
0.11142421,0.11186042,46.47322193,46.57139460,0.02480940,-4.42471095E+03
0.11135403,0.11184174,46.53243068,46.44221689,0.02479953,-4.42471010E+03
0.11198671,0.11121013,46.44370614,46.50597596,0.02479965,-4.42471013E+03
0.11171347,0.11156269,46.38483863,46.45879338,0.02480846,-4.42470988E+03
0.11186846,0.11151391,46.26017595,46.51230857,0.02482026,-4.42471078E+03
0.11226327,0.11121985,46.48801146,46.44949331,0.02483146,-4.42471252E+03
0.11142104,0.11169719,46.48370809,46.40760320,0.02479091,-4.42470967E+03
0.11148471,0.11161812,46.34274703,46.62801467,0.02478920,-4.42471017E+03
0.11155176,0.11159803,46.40195896,46.54083101,0.02479442,-4.42470985E+03
0.11103344,0.11213970,46.45776204,46.41874628,0.02479702,-4.42471013E+03
0.11174839,0.11144252,46.44722012,46.48416854,0.02479899,-4.42470983E+03
0.11186331,0.11130848,46.32643222,46.50348117,0.02479686,-4.42470968E+03
0.11157877,0.11146041,46.44482106,46.50924858,0.02478213,-4.42471010E+03
0.11167980,0.11153712,46.39983424,46.47140718,0.02480188,-4.42470969E+03
0.11180451,0.11139463,46.42663837,46.39249903,0.02479990,-4.42470968E+03
0.11163593,0.11152619,46.37108634,46.40332675,0.02479579,-4.42470959E+03
0.11157970,0.11156803,46.33301945,46.36290585,0.02479419,-4.42470983E+03
0.11168259,0.11142612,46.40409827,46.38204789,0.02478986,-4.42470962E+03
0.11149693,0.11158436,46.36602409,46.45573047,0.02478681,-4.42470965E+03
0.11125494,0.11180846,46.48602618,46.32087299,0.02478482,-4.42470980E+03
0.11171121,0.11143347,46.36633071,46.45782912,0.02479385,-4.42470957E+03
0.11184230,0.11128788,46.27006161,46.44186392,0.02479224,-4.42470989E+03
0.11152635,0.11159486,46.43029647,46.41616838,0.02479125,-4.42470956E+03
0.11178112,0.11140596,46.41988181,46.37395559,0.02479856,-4.42470966E+03
0.11156798,0.11153976,46.37948852,46.43528675,0.02478975,-4.42470957E+03
0.11153815,0.11162103,46.36950275,46.47425761,0.02479546,-4.42470958E+03
0.11153591,0.11156837,46.40172288,46.48844419,0.02478936,-4.42470968E+03
0.11161093,0.11153674,46.37874548,46.42460611,0.02479418,-4.42470955E+03
0.11167009,0.11143139,46.40792784,46.39268757,0.02478905,-4.42470962E+03
0.11157113,0.11157362,46.37910902,46.45386510,0.02479386,-4.42470955E+03
0.11164184,0.11152958,46.39775232,46.44094760,0.02479682,-4.42470956E+03
0.11146391,0.11168393,46.42662094,46.40996447,0.02479420,-4.42470956E+03
0.11161755,0.11156707,46.36081740,46.44852326,0.02479829,-4.42470958E+03
0.11154915,0.11158792,46.41292671,46.42425710,0.02479301,-4.42470954E+03
0.11172261,0.11143000,46.35764582,46.46187348,0.02479473,-4.42470957E+03
0.11152859,0.11162045,46.40937716,46.42294172,0.02479434,-4.42470954E+03
0.11148806,0.11162977,46.39232686,46.42188741,0.02479087,-4.42470957E+03
0.11160339,0.11155463,46.39639595,46.43618255,0.02479534,-4.42470954E+03
0.11157490,0.11157625,46.41961363,46.40012864,0.02479457,-4.42470954E+03
0.11157678,0.11157756,46.43986593,46.37326041,0.02479493,-4.42470955E+03
0.11151709,0.11163288,46.44041125,46.41714890,0.02479444,-4.42470957E+03
0.11158747,0.11156077,46.39416192,46.42274180,0.02479425,-4.42470954E+03
0.11159802,0.11156813,46.39684762,46.41674026,0.02479624,-4.42470955E+03
0.11156137,0.11158297,46.40890694,46.42237789,0.02479382,-4.42470954E+03
0.11163498,0.11151687,46.40016206,46.41777372,0.02479465,-4.42470954E+03
0.11157596,0.11156380,46.41502632,46.39532847,0.02479331,-4.42470954E+03
0.11151487,0.11162503,46.41869234,46.40251468,0.02479332,-4.42470954E+03
0.11154490,0.11159799,46.41405977,46.40632944,0.02479365,-4.42470954E+03
0.11155835,0.11159519,46.40334481,46.43046041,0.02479484,-4.42470954E+03
0.11157156,0.11157165,46.41210594,46.40411146,0.02479369,-4.42470954E+03
0.11157804,0.11157036,46.41106369,46.39427778,0.02479427,-4.42470954E+03
0.11156554,0.11157982,46.40944612,46.41535286,0.02479393,-4.42470954E+03
0.11154098,0.11160208,46.43345081,46.39021940,0.02479367,-4.42470954E+03
0.11157585,0.11157110,46.40398414,46.41461120,0.02479410,-4.42470954E+03
0.11159902,0.11155142,46.40851515,46.41077264,0.02479449,-4.42470954E+03
0.11158549,0.11156306,46.40990130,46.40966184,0.02479428,-4.42470954E+03
0.11157933,0.11157347,46.40936666,46.41576581,0.02479475,-4.42470954E+03
0.11157820,0.11156747,46.39673549,46.42756722,0.02479396,-4.42470954E+03
0.11157572,0.11157405,46.41389409,46.40698828,0.02479442,-4.42470954E+03
0.11157197,0.11157055,46.40924617,46.40754128,0.02479361,-4.42470954E+03
0.11157749,0.11157274,46.40933654,46.41370968,0.02479447,-4.42470954E+03
0.11159174,0.11156066,46.40911191,46.40713264,0.02479471,-4.42470954E+03
0.11157209,0.11157503,46.40936257,46.41329781,0.02479412,-4.42470954E+03
0.11157955,0.11157134,46.41726311,46.40721760,0.02479454,-4.42470954E+03
0.11157677,0.11157116,46.40730388,46.41276280,0.02479421,-4.42470954E+03
0.11156554,0.11158343,46.41004724,46.41371745,0.02479433,-4.42470954E+03
0.11157053,0.11157834,46.41001076,46.41270355,0.02479432,-4.42470954E+03
0.11157271,0.11157458,46.40411278,46.41924863,0.02479414,-4.42470954E+03
0.11157497,0.11157418,46.41144876,46.41005337,0.02479435,-4.42470954E+03
0.11156969,0.11157662,46.40972645,46.41069908,0.02479403,-4.42470954E+03

No false or missing:
0.11127431,0.12038765,44.11355000,33.38697000,0.00000000,-4.08939458E+03
0.11683803,0.12038765,44.11355000,33.38697000,0.00000000,-4.08821260E+03
0.11127431,0.12640703,44.11355000,33.38697000,0.00000000,-4.08837591E+03
0.11127431,0.12038765,46.31922750,33.38697000,0.00000000,-4.08929545E+03
0.11127431,0.12038765,44.11355000,35.05631850,0.00000000,-4.08947250E+03
0.11405617,0.12339734,45.21638875,31.71762150,0.00000000,-4.08813840E+03
0.11544710,0.12490219,45.76780813,30.04827300,0.00000000,-4.08809116E+03
0.11614256,0.12565461,46.04351781,31.71762150,0.00000000,-4.08809419E+03
0.11857669,0.12828809,43.69998547,30.88294725,0.00000000,-4.08955320E+03
0.11309991,0.12236276,45.66441699,32.76096431,0.00000000,-4.08835092E+03
0.11948949,0.12024657,46.68109646,30.56994441,0.00000000,-4.08786302E+03
0.12359707,0.11716634,47.96486970,29.16143161,0.00000000,-4.08790835E+03
0.12085868,0.12323275,45.63856921,30.10044014,0.00000000,-4.08844927E+03
0.11503960,0.12258026,45.65795505,32.09583327,0.00000000,-4.08805328E+03
0.11622135,0.12630416,47.96163872,28.82886609,0.00000000,-4.08804003E+03
0.11695620,0.12136198,46.99073137,29.05383688,0.00000000,-4.08789852E+03
0.11840622,0.12034430,47.87790268,30.22596732,0.00000000,-4.08778004E+03
0.11988578,0.11806535,48.93294995,30.31481448,0.00000000,-4.08786169E+03
0.12049703,0.12154825,49.09772957,27.24347408,0.00000000,-4.08788358E+03
0.12145312,0.11544638,47.36209132,29.71774526,0.00000000,-4.08802735E+03
0.12014518,0.11816083,47.51197817,29.49552547,0.00000000,-4.08783858E+03
0.12231275,0.11878799,48.59362207,29.71361876,0.00000000,-4.08786223E+03
0.11967979,0.11722160,46.23457012,32.75905389,0.00000000,-4.08816448E+03
0.12029272,0.12046658,48.38193971,28.62236903,0.00000000,-4.08777430E+03
0.12108895,0.11863328,49.50162485,28.45879588,0.00000000,-4.08771831E+03
0.12188868,0.11782664,50.91188904,27.40322162,0.00000000,-4.08772888E+03
0.11765378,0.12001450,48.04310063,28.68771010,0.00000000,-4.08781666E+03
0.11857565,0.12156850,49.39030576,28.50189570,0.00000000,-4.08767462E+03
0.11779089,0.12327234,50.32946956,28.00508082,0.00000000,-4.08768780E+03
0.12152799,0.12049183,49.53278587,29.21680387,0.00000000,-4.08786445E+03
0.11862233,0.12013383,48.41552194,28.81998354,0.00000000,-4.08773038E+03
0.12088361,0.12005680,49.96679345,26.97555476,0.00000000,-4.08774865E+03
0.11929255,0.11972963,50.25518329,27.75574591,0.00000000,-4.08765386E+03
0.11879247,0.11936115,51.19180508,27.32243434,0.00000000,-4.08767290E+03
0.11790614,0.11997582,48.81452447,29.79265576,0.00000000,-4.08776978E+03
0.12013924,0.12003656,49.67872621,27.67983001,0.00000000,-4.08769061E+03
0.12092586,0.11985015,50.99739812,27.37815021,0.00000000,-4.08770321E+03
0.11837771,0.12195914,50.65918184,27.19901503,0.00000000,-4.08765188E+03
0.11702209,0.12362207,51.23796034,26.56912461,0.00000000,-4.08769403E+03
0.11726671,0.12179676,48.99430043,28.19009312,0.00000000,-4.08769777E+03
0.11818150,0.12131011,49.49507485,27.98710739,0.00000000,-4.08766427E+03
0.11707447,0.12224713,50.22114667,28.04205201,0.00000000,-4.08763330E+03
0.11554208,0.12335242,50.49235690,28.22316301,0.00000000,-4.08764711E+03
0.11788746,0.12105450,50.92498756,26.99006446,0.00000000,-4.08763763E+03
0.11813459,0.12118509,51.53517483,27.00633132,0.00000000,-4.08762408E+03
0.11811114,0.12112258,52.55522481,26.51594328,0.00000000,-4.08764588E+03
0.11644456,0.12349330,51.41506216,26.86298550,0.00000000,-4.08764710E+03
0.11639283,0.12203087,51.38900377,27.25170161,0.00000000,-4.08763841E+03
0.11830011,0.11976549,50.62009426,27.78208920,0.00000000,-4.08767183E+03
0.11690845,0.12256135,51.21632018,27.09276143,0.00000000,-4.08762630E+03
0.11860965,0.12149316,50.55981085,27.31390299,0.00000000,-4.08764437E+03
0.11694704,0.12189645,51.18170554,27.26725196,0.00000000,-4.08762585E+03


0.11127431,0.12038765,44.11355000,33.38697000,0.00472780,-4.18556999E+03
0.11683803,0.12038765,44.11355000,33.38697000,0.00484134,-4.18455914E+03
0.11127431,0.12640703,44.11355000,33.38697000,0.00485064,-4.18415261E+03
0.11127431,0.12038765,46.31922750,33.38697000,0.00472780,-4.18650587E+03
0.11127431,0.12038765,44.11355000,35.05631850,0.00472780,-4.18631894E+03
0.11405617,0.12339734,41.90787250,34.22164425,0.00484599,-4.18388674E+03
0.11544710,0.12490219,39.70219500,34.63898138,0.00490509,-4.18327640E+03
0.11614256,0.12565461,41.90787250,32.34362719,0.00493464,-4.18328390E+03
0.11857669,0.12828809,40.80503375,33.49130428,0.00503806,-4.18421850E+03
0.11388231,0.13223831,39.15077563,33.54347142,0.00502287,-4.18353873E+03
0.10979645,0.12631298,41.63216281,33.46522071,0.00481856,-4.18354688E+03
0.11635990,0.12814701,37.08295297,33.60868035,0.00498994,-4.18307264E+03
0.11890269,0.12901700,33.56765445,33.71953552,0.00505959,-4.18409978E+03
0.12111948,0.12915808,37.28973523,33.60215946,0.00510771,-4.18485033E+03
0.11262721,0.12702425,40.54655592,33.49945540,0.00489085,-4.18306981E+03
0.11640608,0.12062572,40.46901257,33.50190073,0.00483738,-4.18338654E+03
0.11577514,0.12352887,40.13945333,33.51229340,0.00488376,-4.18310845E+03
0.11396211,0.12614655,36.82770611,35.28607807,0.00490018,-4.18282607E+03
0.11287188,0.12639252,34.28762291,36.75730352,0.00488295,-4.18276999E+03
0.11336996,0.12764414,36.32609757,34.04988496,0.00491866,-4.18263393E+03
0.11233139,0.12901511,34.63804885,33.75533675,0.00492544,-4.18267055E+03
0.11183934,0.13107509,33.98216135,35.44536871,0.00495744,-4.18281740E+03
0.10899429,0.12792099,35.48826591,36.26732594,0.00483501,-4.18295760E+03
0.11091053,0.12949212,29.49551795,37.76048617,0.00490618,-4.18294624E+03
0.11550156,0.12938094,31.55743399,35.73919573,0.00499760,-4.18334002E+03
0.11062111,0.12828598,34.50555793,36.13529339,0.00487565,-4.18270895E+03
0.11344062,0.12720675,40.05520193,33.43343912,0.00491117,-4.18297677E+03
0.11154305,0.12892077,32.13543895,36.67872440,0.00490742,-4.18272334E+03
0.11236366,0.12454661,34.64519733,36.36523443,0.00483490,-4.18290793E+03
0.11197042,0.12944297,34.14792034,35.67533514,0.00492680,-4.18269482E+03
0.11088039,0.13075441,34.26988448,34.51231543,0.00493132,-4.18266934E+03
0.11187789,0.12914298,37.48929121,33.50769005,0.00491879,-4.18261376E+03
0.11204531,0.12925408,40.16621735,31.92217288,0.00492448,-4.18267982E+03
0.11342822,0.13020627,36.61103887,32.73731940,0.00497213,-4.18282781E+03
0.11132289,0.12876605,35.03192816,35.28579989,0.00489977,-4.18263506E+03
0.11175515,0.12871082,37.41068036,33.00251003,0.00490747,-4.18255030E+03
0.11164751,0.12834474,39.04206037,31.66609747,0.00489780,-4.18252683E+03
0.11322873,0.12619454,39.67480418,32.74242076,0.00488619,-4.18277200E+03
0.11146748,0.12961445,35.62111440,34.06984176,0.00492004,-4.18259600E+03
0.11285853,0.12860710,39.20735362,31.36095723,0.00492787,-4.18258871E+03
0.11055574,0.13021049,39.35381224,31.25240830,0.00491360,-4.18249339E+03
0.10914864,0.13149367,40.86766957,29.85366997,0.00491107,-4.18247374E+03
0.11068319,0.12988700,39.87980777,29.96759316,0.00490960,-4.18250379E+03
0.11070146,0.12955181,43.87733126,27.35431716,0.00490313,-4.18281634E+03
0.11127597,0.12959879,37.68516862,32.39096061,0.00491581,-4.18252415E+03
0.10851912,0.13105500,39.52999955,30.57820338,0.00488927,-4.18243257E+03
0.10634942,0.13227895,39.69132252,30.18682645,0.00486997,-4.18243377E+03
0.10816595,0.13267249,39.93926238,29.72911609,0.00491507,-4.18245771E+03
0.10698247,0.13295529,42.42320102,27.67333069,0.00489669,-4.18261322E+03
0.11020260,0.13043791,38.86967672,31.21155313,0.00491103,-4.18247199E+03
0.10733496,0.13294254,39.72349634,30.71867812,0.00490362,-4.18239634E+03
0.10566085,0.13447030,39.64534063,31.09422059,0.00490064,-4.18236537E+03
0.10712562,0.13282418,38.12447007,31.45287662,0.00489693,-4.18241129E+03
0.10453317,0.13507307,39.74985959,30.21565521,0.00488992,-4.18236461E+03
0.10169846,0.13739065,40.18995103,29.71770625,0.00487937,-4.18238646E+03
0.10475344,0.13403879,38.58557254,31.94136182,0.00487331,-4.18240294E+03
0.10251742,0.13714817,38.52262186,31.77385375,0.00489113,-4.18235341E+03
0.09951657,0.14019476,38.01893302,32.37167893,0.00489207,-4.18240269E+03
0.10160682,0.13754099,40.12722724,31.05966906,0.00488057,-4.18234639E+03
0.09884742,0.13989939,41.12860583,30.86306528,0.00487238,-4.18239924E+03
0.10240570,0.13807748,40.43695212,30.13033749,0.00490782,-4.18233937E+03
0.10123182,0.14009682,41.36264191,29.22482533,0.00492507,-4.18242019E+03
0.09987070,0.13944956,39.77298978,30.49553716,0.00488409,-4.18235792E+03
0.09866715,0.14103503,39.68003591,31.51404352,0.00489188,-4.18237279E+03
0.10306667,0.13656356,39.73240367,30.54025229,0.00489041,-4.18233858E+03
0.10492760,0.13521555,39.63661266,31.25651913,0.00490088,-4.18235786E+03
0.10366337,0.13627405,39.67070694,31.06627364,0.00489668,-4.18233716E+03
0.10285386,0.13707986,41.46102313,29.62441249,0.00489661,-4.18235747E+03
0.10260153,0.13713110,39.25722218,31.23649343,0.00489250,-4.18233532E+03
0.10426181,0.13648210,39.42141522,30.42700936,0.00491314,-4.18236781E+03
0.10227057,0.13727627,39.95077424,30.90150414,0.00488871,-4.18233148E+03
0.10339537,0.13554501,38.86860139,31.74192426,0.00487633,-4.18237448E+03
0.10265312,0.13744436,40.04486444,30.53323418,0.00489995,-4.18232898E+03
0.10252763,0.13749933,39.72938023,31.32850041,0.00489851,-4.18233726E+03
0.10266239,0.13726539,39.73013609,31.13143838,0.00489649,-4.18233163E+03
0.10143043,0.13828451,39.82079153,30.83506142,0.00489214,-4.18232870E+03
0.10031395,0.13928974,39.89583382,30.71945532,0.00488987,-4.18233728E+03
0.10190672,0.13800416,40.51606097,30.46412563,0.00489614,-4.18232754E+03
0.10155931,0.13844070,41.14548036,30.07794172,0.00489796,-4.18233717E+03
0.10146803,0.13823926,40.43610950,30.23552431,0.00489199,-4.18233312E+03
0.10236380,0.13750885,39.90662944,30.90745986,0.00489536,-4.18232767E+03
0.10190646,0.13834468,40.19339895,30.46843641,0.00490308,-4.18232880E+03
0.10115059,0.13862674,40.17357600,30.80430748,0.00489341,-4.18232820E+03
0.10151930,0.13786746,40.01513002,31.03704078,0.00488544,-4.18233679E+03
0.10180967,0.13822537,40.14883172,30.61058750,0.00489867,-4.18232593E+03
0.10218496,0.13789806,40.55175754,30.55817881,0.00489965,-4.18232887E+03
0.10161906,0.13818789,40.00353303,30.76584077,0.00489402,-4.18232656E+03
0.10269904,0.13733640,40.11395157,30.56969940,0.00489868,-4.18232814E+03
0.10231192,0.13765899,40.12885768,30.62835142,0.00489737,-4.18232639E+03
0.10145989,0.13852935,40.49201226,30.32699280,0.00489774,-4.18232903E+03
0.10213782,0.13776398,40.05297514,30.76234310,0.00489596,-4.18232616E+03
0.10203252,0.13791395,39.65103782,30.91943577,0.00489687,-4.18232793E+03
0.10193817,0.13798161,40.29980518,30.57795316,0.00489632,-4.18232616E+03
0.10247973,0.13762708,40.31170183,30.52377682,0.00490014,-4.18232764E+03


0.11127431,0.12038765,44.11355000,33.38697000,0.00472780,-4.00551654E+03
0.11683803,0.12038765,44.11355000,33.38697000,0.00484134,-4.00629940E+03
0.11127431,0.12640703,44.11355000,33.38697000,0.00485064,-4.00637099E+03
0.11127431,0.12038765,46.31922750,33.38697000,0.00472780,-4.00648268E+03
0.11127431,0.12038765,44.11355000,35.05631850,0.00472780,-4.00628682E+03
0.11405617,0.12339734,41.90787250,34.22164425,0.00484599,-4.00581707E+03
0.11544710,0.11587311,43.01071125,34.63898137,0.00472082,-4.00564177E+03
0.10918792,0.11963523,42.45929188,35.26498706,0.00466986,-4.00575677E+03
0.11370844,0.11925901,41.63216281,33.69997284,0.00475444,-4.00479058E+03
0.11492550,0.11869470,40.39146922,33.02180002,0.00476776,-4.00428036E+03
0.11136125,0.11389800,43.07963867,33.93472498,0.00459713,-4.00607279E+03
0.11338244,0.12102250,42.20081404,34.14991443,0.00478377,-4.00530256E+03
0.11832676,0.11835376,42.39898038,32.33384585,0.00483021,-4.00515298E+03
0.11350741,0.12335619,41.54169557,31.80728377,0.00483395,-4.00483283E+03
0.11879674,0.12032593,39.15292961,32.26945203,0.00488005,-4.00504078E+03
0.11939576,0.11934278,39.54172335,30.56627640,0.00487222,-4.00475003E+03
0.11498595,0.12250604,37.91492849,31.49856026,0.00484678,-4.00441838E+03
0.11261057,0.12162393,40.54197871,31.17750819,0.00478030,-4.00403974E+03
0.10951748,0.12227293,41.23650326,30.63153627,0.00473042,-4.00393102E+03
0.11590494,0.11805203,38.00061658,31.05180271,0.00477463,-4.00369762E+03
0.11710371,0.11539995,36.23007709,30.67406217,0.00474497,-4.00363832E+03
0.10887056,0.12009403,38.34476568,32.34670296,0.00467275,-4.00381164E+03
0.11022268,0.11572476,40.18647913,31.83849045,0.00461117,-4.00442323E+03
0.11379513,0.12081072,38.48281615,31.58354281,0.00478787,-4.00387084E+03
0.10971794,0.12059412,36.75561187,29.59612209,0.00470025,-4.00390806E+03
0.11522619,0.11617648,33.67013214,31.46867874,0.00472250,-4.00396295E+03
0.11094466,0.12074882,39.34491048,30.84082189,0.00472844,-4.00368601E+03
0.11563909,0.11793264,39.44567283,33.12644282,0.00476677,-4.00407615E+03
0.11119823,0.11992875,37.42812711,30.47870228,0.00471688,-4.00364856E+03
0.11026345,0.11727506,37.19112403,30.58660184,0.00464364,-4.00389913E+03
0.11291221,0.11992681,38.15989312,31.33430757,0.00475182,-4.00365415E+03
0.11720884,0.11790813,37.23673822,29.31724399,0.00479831,-4.00399917E+03
0.11095513,0.11954756,38.06775882,31.58933822,0.00470414,-4.00362430E+03
0.11513998,0.11665272,35.59801759,31.19738323,0.00473046,-4.00365817E+03
0.11409115,0.11767674,36.53474081,31.10824289,0.00472996,-4.00359379E+03
0.11376190,0.11634970,35.97045879,30.59086521,0.00469616,-4.00371767E+03
0.11312463,0.11903253,37.61253454,31.14844698,0.00473790,-4.00359195E+03
0.11643908,0.11589964,36.79442852,31.78134286,0.00474161,-4.00353900E+03
0.11905951,0.11388508,36.47757922,32.43266315,0.00475397,-4.00355702E+03
0.11020129,0.12067828,38.27465425,32.13962330,0.00471183,-4.00368088E+03
0.11537810,0.11671954,36.74122138,31.04045246,0.00473669,-4.00357186E+03
0.11856135,0.11511666,35.77370381,30.94990437,0.00476894,-4.00374270E+03
0.11285669,0.11843983,37.49424506,31.42947976,0.00472034,-4.00356443E+03
0.11480810,0.11736903,37.78647394,31.59161813,0.00473831,-4.00356731E+03
0.11661636,0.11518149,36.79564991,31.77299962,0.00473057,-4.00351179E+03
0.11836222,0.11325597,36.38720760,32.08527594,0.00472690,-4.00349083E+03
0.11585494,0.11576270,37.48995618,32.40340589,0.00472689,-4.00355979E+03
0.11694836,0.11431004,36.29644474,32.25813409,0.00471956,-4.00350059E+03
0.12094562,0.11117434,35.98977346,32.83459963,0.00473714,-4.00350581E+03
0.12049270,0.11155730,35.24397098,32.07627037,0.00473571,-4.00355386E+03
0.11933326,0.11260865,35.80546728,32.15805425,0.00473351,-4.00351138E+03
0.12135564,0.10977486,35.44501802,32.88668910,0.00471695,-4.00349629E+03
0.11947266,0.11164896,36.25375463,32.87429513,0.00471677,-4.00349507E+03
0.11712383,0.11332058,36.20143904,32.21759750,0.00470295,-4.00350620E+03
0.11999017,0.11171090,36.04268985,32.68034910,0.00472859,-4.00349153E+03
0.12264199,0.10888530,35.76789031,33.00517054,0.00472505,-4.00349718E+03
0.12121858,0.11024149,35.90002892,32.81841143,0.00472367,-4.00348788E+03
0.11816617,0.11365380,36.84682248,32.34247670,0.00473102,-4.00350668E+03
0.12055828,0.11074460,35.79546913,32.75063600,0.00472047,-4.00348724E+03
0.12059196,0.11132752,35.80894312,32.29304110,0.00473305,-4.00349889E+03
0.11975249,0.11156860,36.14255175,32.72898162,0.00472084,-4.00348771E+03
0.11995561,0.11119443,36.06993885,32.51130340,0.00471735,-4.00348122E+03
0.11993833,0.11093619,36.08356335,32.42678055,0.00471172,-4.00348115E+03
0.12237162,0.10848947,35.57359898,33.27712886,0.00471145,-4.00350810E+03
0.11936457,0.11206434,36.18380544,32.38323917,0.00472304,-4.00348364E+03
0.11858825,0.11241538,36.20266592,32.32640724,0.00471436,-4.00348590E+03
0.11947223,0.11151165,35.99020017,32.21454986,0.00471396,-4.00348528E+03
0.11812342,0.11271918,36.43464831,31.92485241,0.00471107,-4.00348606E+03
0.11873213,0.11222554,36.27485352,32.13129831,0.00471342,-4.00348291E+03
0.12016538,0.11095348,36.06354532,32.25152670,0.00471671,-4.00347828E+03
0.12095394,0.11022254,35.99398501,32.21408643,0.00471789,-4.00347716E+03
0.12002226,0.11121265,36.27790349,32.36315237,0.00471908,-4.00347652E+03
0.12029727,0.11106315,36.42175515,32.43745363,0.00472164,-4.00347810E+03
0.12045876,0.11023412,36.13134724,32.18441966,0.00470802,-4.00347852E+03
0.12195452,0.10907721,35.96854603,32.46292120,0.00471493,-4.00347843E+03
0.12175641,0.10943707,36.10232754,32.18550928,0.00471823,-4.00347126E+03
0.12266544,0.10868751,36.11170963,32.06487365,0.00472149,-4.00347014E+03
0.12233932,0.10936584,36.04472484,32.36809717,0.00472868,-4.00347982E+03
0.12092890,0.11001705,36.10969164,32.23033904,0.00471318,-4.00347430E+03
0.12033075,0.11099266,36.27809886,31.97330455,0.00472089,-4.00347181E+03
0.12101974,0.11023240,36.39471679,32.10174837,0.00471943,-4.00346574E+03
0.12105263,0.11023733,36.59508269,32.04557934,0.00472020,-4.00346251E+03
0.12246661,0.10875462,36.26938792,31.79389591,0.00471880,-4.00346285E+03
0.12232882,0.10931901,36.51744791,31.70848769,0.00472751,-4.00345802E+03
0.12302878,0.10897000,36.72132604,31.44756201,0.00473467,-4.00345663E+03
0.12427598,0.10733206,36.57065428,31.70265091,0.00472669,-4.00345682E+03
0.12274656,0.10895949,36.96651583,31.42997044,0.00472869,-4.00344320E+03
0.12278711,0.10909549,37.39391893,31.11251883,0.00473230,-4.00343483E+03
0.12310564,0.10906282,37.37110305,31.36025963,0.00473813,-4.00345306E+03
0.12554612,0.10699286,37.43341846,30.76591635,0.00474569,-4.00344980E+03
0.12295785,0.10972851,37.88922896,30.64047750,0.00474870,-4.00345571E+03
0.12416959,0.10846984,38.32250866,30.49202415,0.00474774,-4.00344664E+03
0.12484638,0.10708198,37.37124559,31.22488198,0.00473323,-4.00344107E+03
0.12556896,0.10675727,37.88944278,30.43741102,0.00474135,-4.00342483E+03
0.12680062,0.10560449,38.14861264,29.97598672,0.00474296,-4.00341880E+03
0.12375573,0.10813304,38.18472445,30.63678949,0.00473242,-4.00341977E+03
0.12492533,0.10648767,37.22674214,30.98306436,0.00472271,-4.00342657E+03
0.12428801,0.10757836,38.10575349,30.12929772,0.00473197,-4.00339588E+03
0.12400883,0.10782655,38.47300744,29.58150559,0.00473133,-4.00337881E+03
0.12695814,0.10493039,38.62262440,29.47615425,0.00473242,-4.00338605E+03
0.12583633,0.10675957,39.48774232,28.85215366,0.00474686,-4.00338657E+03
0.12804623,0.10442746,39.18126895,28.30611062,0.00474436,-4.00338045E+03
0.12562415,0.10636749,39.73370892,28.13197534,0.00473452,-4.00334052E+03
0.12503591,0.10674899,40.52625705,27.20996965,0.00473030,-4.00332586E+03
0.12618823,0.10520712,38.91383660,28.43471639,0.00472235,-4.00335054E+03
0.12468146,0.10717467,39.92456062,27.28999688,0.00473176,-4.00334023E+03
0.12191099,0.10905121,39.73756190,27.95198363,0.00471351,-4.00336200E+03
0.12489946,0.10626444,41.07810065,25.86182769,0.00471763,-4.00333782E+03
0.12849154,0.10364640,40.48381556,26.44627167,0.00473751,-4.00334946E+03
0.12536596,0.10671013,42.09253034,24.96931655,0.00473625,-4.00337759E+03
0.12598266,0.10558287,39.70851004,27.56836643,0.00472583,-4.00332921E+03
0.12180820,0.10923908,40.13489862,27.51880865,0.00471525,-4.00336195E+03
0.12682071,0.10504457,40.39658633,26.71440591,0.00473194,-4.00332770E+03
0.12668791,0.10464577,40.93016642,26.38728796,0.00472110,-4.00332034E+03
0.12769114,0.10338132,41.43296931,25.93593350,0.00471576,-4.00334008E+03
0.12736413,0.10474666,39.70265926,28.07818729,0.00473695,-4.00335182E+03
0.12551563,0.10588500,40.73424031,26.41591759,0.00472246,-4.00332237E+03
0.12604742,0.10557929,41.58511501,25.79542413,0.00472708,-4.00333099E+03
0.12599885,0.10558198,40.17766128,27.12513085,0.00472614,-4.00332183E+03
0.12479844,0.10638629,40.78757620,26.85474711,0.00471806,-4.00332014E+03
0.12378731,0.10705715,40.98307114,26.92491771,0.00471111,-4.00333231E+03
0.12646451,0.10450053,40.78856505,26.18157211,0.00471357,-4.00332741E+03
0.12539306,0.10618687,40.59183405,26.95287026,0.00472612,-4.00331961E+03
0.12592350,0.10551546,40.50937867,27.24410051,0.00472324,-4.00331991E+03
0.12540261,0.10578522,41.23181639,26.59437207,0.00471812,-4.00332311E+03
0.12584979,0.10563279,40.44120006,26.99244116,0.00472413,-4.00331817E+03
0.12429448,0.10721494,40.23482808,27.63479156,0.00472468,-4.00332843E+03
0.12608955,0.10528806,40.75633183,26.69916386,0.00472199,-4.00331725E+03
0.12682951,0.10492530,40.36179610,27.08954078,0.00472969,-4.00332422E+03
0.12530621,0.10602104,40.68113118,26.91344553,0.00472096,-4.00331778E+03
0.12539580,0.10604892,40.72586989,26.53485990,0.00472336,-4.00332100E+03
0.12579158,0.10564883,40.56350148,27.06679036,0.00472327,-4.00331796E+03
0.12612551,0.10510849,40.62924822,26.88305019,0.00471906,-4.00331762E+03
0.12580663,0.10540042,40.87390629,26.78878381,0.00471851,-4.00331839E+03
0.12583900,0.10557470,40.54937662,26.94152682,0.00472273,-4.00331728E+03
0.12588856,0.10534732,40.74454245,26.65180284,0.00471910,-4.00331733E+03
0.12666510,0.10463824,40.65861838,26.67432633,0.00472048,-4.00331942E+03
0.12564593,0.10567534,40.67550298,26.85366573,0.00472084,-4.00331699E+03
0.12560602,0.10583422,40.73362872,26.69002944,0.00472327,-4.00331797E+03
0.12599563,0.10528992,40.65534334,26.83479500,0.00472011,-4.00331705E+03
0.12589650,0.10556669,40.57373494,27.01277286,0.00472374,-4.00331781E+03
0.12589054,0.10540216,40.70184057,26.74204535,0.00472026,-4.00331697E+03
0.12597183,0.10525305,40.84513274,26.62330815,0.00471888,-4.00331755E+03
0.12587221,0.10549428,40.62331565,26.86197215,0.00472177,-4.00331698E+03
0.12561260,0.10564279,40.57166944,26.94707526,0.00471950,-4.00331711E+03
0.12573184,0.10555411,40.61783504,26.88509741,0.00472012,-4.00331692E+03
0.12557463,0.10577303,40.65390377,26.83659532,0.00472138,-4.00331717E+03
0.12589038,0.10541070,40.65498345,26.83524508,0.00472043,-4.00331691E+03
0.12604656,0.10525528,40.62348437,26.80851427,0.00472045,-4.00331711E+03
0.12574609,0.10557033,40.66249833,26.84237786,0.00472074,-4.00331690E+03
0.12575722,0.10547436,40.69526304,26.79041070,0.00471901,-4.00331701E+03
0.12584346,0.10548930,40.64130250,26.84408179,0.00472108,-4.00331690E+03
0.12571534,0.10561006,40.58646909,26.96135572,0.00472093,-4.00331706E+03
0.12584674,0.10545414,40.67299770,26.79687294,0.00472043,-4.00331689E+03
0.12593150,0.10540812,40.69805595,26.77419143,0.00472122,-4.00331695E+03
0.12578176,0.10551761,40.63789026,26.85737091,0.00472040,-4.00331689E+03
0.12571864,0.10560499,40.65236094,26.83510667,0.00472089,-4.00331693E+03
0.12584745,0.10545927,40.65432782,26.83521048,0.00472055,-4.00331689E+03
0.12576756,0.10551137,40.67255456,26.82183431,0.00471998,-4.00331690E+03
0.12587566,0.10540087,40.65638685,26.81326646,0.00471993,-4.00331693E+03
0.12577848,0.10552796,40.66097046,26.83510001,0.00472054,-4.00331688E+03
0.12585966,0.10546812,40.64053856,26.84044286,0.00472098,-4.00331690E+03


0.11127431,0.12038765,46.31922750,33.38697000,0.02574022,-4.32768396E+03
0.11127431,0.12038765,44.11355000,35.05631850,0.02574022,-4.32770220E+03
0.11405617,0.12339734,45.21638875,34.22164425,0.02638372,-4.32677900E+03
0.11544710,0.12490219,45.76780813,34.63898138,0.02670548,-4.32671479E+03
0.11614256,0.12565461,46.04351781,32.34362719,0.02686635,-4.32707844E+03
0.11857669,0.12828809,43.69998547,33.49130428,0.02742942,-4.32825579E+03
0.11309991,0.12236276,45.66441699,33.41305357,0.02616252,-4.32700541E+03
0.11948949,0.12024657,46.68109646,33.50434607,0.02663734,-4.32660508E+03
0.12359707,0.11716634,47.96486970,33.56303410,0.02675149,-4.32665146E+03
0.11629470,0.11829497,45.06991798,35.12804832,0.02606552,-4.32692617E+03
0.12093475,0.11955293,45.15176929,34.91611931,0.02672085,-4.32662882E+03
0.11924499,0.12111068,47.22174593,35.70677753,0.02670619,-4.32670270E+03
0.12126347,0.12461121,47.34129193,34.25506382,0.02731941,-4.32748349E+03
0.11753689,0.11987403,45.63776147,34.90980219,0.02637899,-4.32662295E+03
0.12315596,0.11548992,46.57837845,34.87954118,0.02651621,-4.32658877E+03
0.12701039,0.11078379,46.98366361,34.99982108,0.02642157,-4.32674566E+03
0.12131355,0.11647105,44.80275691,33.39812684,0.02642051,-4.32674070E+03
0.11976213,0.11995077,46.61699867,35.12961486,0.02663477,-4.32659706E+03
0.11903748,0.11822772,47.60534824,34.29553284,0.02636280,-4.32663716E+03
0.12046043,0.11922163,45.76516403,34.76097269,0.02663134,-4.32657927E+03
0.12389711,0.11758041,47.18305734,34.22743520,0.02683084,-4.32670155E+03
0.11912695,0.11930063,46.02408544,34.73921045,0.02649195,-4.32657246E+03
0.12176324,0.11673490,45.81121683,36.25032352,0.02649979,-4.32661273E+03
0.12005793,0.11936865,46.46362656,34.19084043,0.02660295,-4.32657322E+03
0.12163850,0.11673964,45.79862856,34.15566751,0.02648646,-4.32657869E+03
0.11748595,0.12182535,45.44737384,34.04380436,0.02659014,-4.32666721E+03
0.12173845,0.11707378,46.29562730,34.67060697,0.02653469,-4.32656246E+03
0.12082048,0.11701972,46.52581990,34.11718999,0.02642669,-4.32657910E+03
0.12073047,0.11757020,46.33565593,34.27813567,0.02647785,-4.32656662E+03
0.11918840,0.11991699,46.76086905,34.78372925,0.02656726,-4.32658008E+03
0.12102598,0.11753398,46.03918868,34.31268295,0.02650666,-4.32656605E+03
0.12125300,0.11637064,45.88365212,34.80947759,0.02640263,-4.32658993E+03
0.12035669,0.11861915,46.31863295,34.34549972,0.02655287,-4.32656358E+03
0.12279885,0.11609793,46.47046699,34.06425221,0.02654409,-4.32656367E+03
0.12222952,0.11709222,46.22630203,34.41838526,0.02659130,-4.32656494E+03
0.12253578,0.11690756,46.61632595,34.43668913,0.02660482,-4.32657143E+03
0.12140343,0.11737737,46.18347300,34.34368449,0.02653120,-4.32656131E+03
0.12091920,0.11749190,46.40779809,34.29363644,0.02649012,-4.32656384E+03
0.12124678,0.11739198,46.36242407,34.32482364,0.02651542,-4.32656095E+03
0.11957382,0.11913321,46.10961167,34.77805521,0.02652300,-4.32656647E+03
0.12199259,0.11685675,46.38025316,34.24270296,0.02653882,-4.32656074E+03
0.12283393,0.11573079,46.29225582,34.44540931,0.02650719,-4.32656800E+03
0.12097600,0.11789706,46.31203866,34.37047712,0.02654145,-4.32656062E+03
0.12107095,0.11768780,46.32346715,33.97023713,0.02652875,-4.32656578E+03
0.12157158,0.11722728,46.30258726,34.49551451,0.02653321,-4.32656050E+03
0.12149005,0.11730916,46.49517858,34.37307462,0.02653325,-4.32656053E+03
0.12176834,0.11725315,46.38260476,34.41606096,0.02655794,-4.32656089E+03
0.12163795,0.11728786,46.37755959,34.39325163,0.02654731,-4.32656026E+03
0.12084519,0.11800393,46.36342889,34.57345599,0.02653879,-4.32656113E+03
0.12170574,0.11714354,46.37604709,34.32539121,0.02653881,-4.32656019E+03
0.12222665,0.11658686,46.46364760,34.42313887,0.02653484,-4.32656295E+03
0.12128867,0.11756951,46.34994090,34.38364256,0.02653980,-4.32656004E+03
0.12161192,0.11730494,46.20788884,34.42582534,0.02654632,-4.32656054E+03
0.12152052,0.11730810,46.42335615,34.38626230,0.02653651,-4.32656022E+03
0.12150486,0.11742722,46.46086460,34.24875934,0.02654801,-4.32656001E+03
0.12147150,0.11752719,46.54000327,34.12538175,0.02655541,-4.32656036E+03
0.12137195,0.11743633,46.42754478,34.27877607,0.02653425,-4.32656000E+03
0.12123895,0.11751057,46.45253738,34.22153829,0.02652772,-4.32656030E+03
0.12141509,0.11748020,46.38384254,34.23202229,0.02654392,-4.32656031E+03
0.12149416,0.11735113,46.41347774,34.34770230,0.02653837,-4.32656002E+03
0.12112407,0.11774855,46.44986692,34.30404892,0.02654140,-4.32656011E+03
0.12126949,0.11759730,46.43141196,34.30938449,0.02654075,-4.32655998E+03
0.12153156,0.11733648,46.51670865,34.20866854,0.02654089,-4.32655990E+03
0.12165301,0.11721997,46.60009252,34.12118154,0.02654144,-4.32655995E+03
0.12134477,0.11754754,46.50478725,34.17509193,0.02654359,-4.32656003E+03




0.11127431,0.12038765,44.11355000,33.38697000,0.00058061,-3.65042424E+03
0.11683803,0.12038765,44.11355000,33.38697000,0.00059455,-3.65394623E+03
0.11127431,0.12640703,44.11355000,33.38697000,0.00059569,-3.65421752E+03
0.11127431,0.12038765,46.31922750,33.38697000,0.00058061,-3.64981972E+03
0.11127431,0.12038765,44.11355000,35.05631850,0.00058061,-3.64947045E+03
0.11405617,0.11436827,45.21638875,34.22164425,0.00057249,-3.64795771E+03
0.11544710,0.10834888,45.76780813,34.63898137,0.00056089,-3.64571631E+03
0.10779699,0.11436827,46.04351781,34.84764994,0.00055681,-3.64541460E+03
0.10327647,0.11135857,47.00850172,35.57798991,0.00053793,-3.64418796E+03
0.10936179,0.10985373,47.49099367,35.94315989,0.00054941,-3.64424931E+03
0.10840552,0.10458677,45.87119926,37.22125484,0.00053382,-3.64383996E+03
0.10697113,0.09668633,45.64718514,39.13839725,0.00051042,-3.64574040E+03
0.10697113,0.09668633,48.95570139,36.63437450,0.00051042,-3.64607010E+03
0.10804692,0.10261166,47.74516354,36.23986050,0.00052797,-3.64420016E+03
0.09909825,0.10585648,48.29012097,37.85215119,0.00051367,-3.64553236E+03
0.10318546,0.10647958,47.65954276,37.04885874,0.00052548,-3.64432250E+03
0.11135989,0.10772578,46.39838634,35.44227383,0.00054909,-3.64443658E+03
0.10522907,0.10679113,47.34425365,36.64721251,0.00053138,-3.64403866E+03
0.10311721,0.10282034,46.49356541,36.89999899,0.00051613,-3.64548086E+03
0.10780064,0.10809538,47.24163661,36.18236966,0.00054109,-3.64395145E+03
0.10430893,0.11280427,45.98763208,36.57455296,0.00054414,-3.64399700E+03
0.10959561,0.10478020,46.21385908,37.73470508,0.00053728,-3.64357228E+03
0.11275518,0.10149102,45.81653776,38.81306266,0.00053696,-3.64318949E+03
0.11140607,0.10669759,45.11424920,37.74840755,0.00054663,-3.64379133E+03
0.11587477,0.09763111,46.03417933,38.40799440,0.00053510,-3.64290774E+03
0.12165770,0.09004452,46.05745296,39.32471512,0.00053058,-3.64192043E+03
0.11931159,0.09331457,44.18808298,40.37135042,0.00053290,-3.64230316E+03
0.12415974,0.09118708,44.71696219,40.90751304,0.00053972,-3.64145870E+03
0.13203685,0.08448723,44.13984366,42.75064215,0.00054267,-3.63991551E+03
0.13147459,0.07797108,44.98670948,42.88147763,0.00052493,-3.63986162E+03
0.14150886,0.06360783,44.92293962,45.44801267,0.00051408,-3.63845987E+03
0.14450232,0.06423606,43.83762185,45.13429751,0.00052315,-3.63705472E+03
0.16037589,0.04560858,42.84816390,48.29491494,0.00051625,-3.63524322E+03
0.15847806,0.04855952,44.79611709,47.53779202,0.00051889,-3.63523539E+03
0.17806130,0.02618200,45.10013414,51.12101281,0.00051189,-3.63644005E+03
0.17454214,0.03108706,42.29607918,52.69096576,0.00051536,-3.63531045E+03
0.18541562,0.00994427,43.29180623,54.23520055,0.00048962,-3.64280001E+03
0.14538155,0.06585149,43.92783430,45.62178175,0.00052941,-3.63667250E+03
0.17787996,0.03194549,42.01115761,51.62471456,0.00052588,-3.63422314E+03
0.19606551,0.01611432,40.55526660,54.71306551,0.00053178,-3.63676934E+03
